theta,theta_dot,theta_double_dot
0.0404309862211268,-0.069829092398237,0.0293217511679015
-0.1517966647459782,-0.6623349357404886,0.1383595761942085
-0.5846688547449678,0.7971559457751132,0.4467416221555277
-0.151015692940364,-0.7723194309529846,0.0163721069526746
0.2564689963986545,0.1887148584295961,-0.2982346200572139
0.0828025522453905,-0.2312268799941375,-0.0460947053256708
0.0045467198437079,0.1847141371659431,0.2365347685823654
0.1651186879130385,-0.0489159746185714,0.1028910366396162
-0.4743636435071391,0.719857829115994,0.4471925660583513
0.2525748390421274,0.5764331288821445,-0.1922229027164958
-0.0007018028021048,-0.1086204844445233,-0.3926573847968557
-0.0055325218853135,-0.3890238047105027,-0.0266180269844914
0.4177089172843511,0.4251508006907143,-0.3920219391172779
0.2747859764866254,-0.2427557804247703,-0.041274137363101
-0.0899697669437489,-0.1696548839736881,0.0509112571147047
-0.212827125832561,-0.5137091976745828,0.2897973756984217
0.0663423489092664,0.1961828537873416,-0.0311373985374894
-0.2602322238040909,-0.7257497358574513,-0.0775793751057377
0.155081836583963,0.5702340031125936,0.0213234338513414
-0.4199477364195685,-0.4400312984509001,0.2617474535154288
-0.1055079336296662,-0.6418238930446933,-0.0376928806751164
0.054660344933411,-0.5744132098533884,-0.0827978868428062
0.2022630068857859,0.1195654850939927,-0.581699738097305
0.5469299484656431,0.334919502771882,-0.6101509733962555
0.5066685712544308,0.0003578011769089,-0.5784418415035395
0.0736583820836995,-0.0553770122779562,-0.0388015001585714
-0.2764177146262457,0.0528922385970198,0.2570235423441608
0.0475493890558985,0.2218108202977593,-0.2321706149763348
-0.0838017926259688,-0.019682669626954,0.0650455578790315
0.0288150901025694,-0.8330296873803922,-0.103249086271404
0.2191964331281649,-0.1395074890104715,-0.3059983970427282
0.136656027350729,-0.2313434298864331,-0.0040436984955503
-0.2659150291613846,0.1703709368572707,0.1678399452857029
-0.4474264989762193,0.5632211741180194,0.3045286731708389
0.8235491681878019,0.5362310984460591,-0.6791114528163325
0.2575879699212405,0.5777994008619471,-0.2217868497811097
-0.1388774451160946,-0.4771425545000313,0.1094469252333696
0.8446920800623604,-0.4153025935427261,-0.8507202219423011
-0.4588382967007303,0.7301196182998361,0.5314890346159289
0.3682449955873447,-0.6147789796379591,-0.277542485882634
-0.8899059564369659,0.204725283707653,0.8918637438495849
0.2021988907050062,-0.411841247940944,-0.2783162104709885
-0.3923312444209721,-0.0348336302196728,0.1364296801852243
0.5786970018298584,0.5998602336757588,-0.4685940996166654
0.1520419143480013,0.2246811971054974,-0.0661497804412983
0.446195331082741,-0.3949489424446002,-0.5767665669309864
-0.0055989068016862,0.0900554889719224,-0.2813506372007875
-0.3395595706022415,-0.1709196696701457,0.1347099003285473
0.5192031822868254,0.60607116864257,-0.2960015940268305
0.1614858171917319,-0.0519908920498461,-0.1604114165629572
0.4572606671875865,-0.2532616051710305,-0.4482950842165372
-0.1105003413148155,0.4030321325583938,0.167387899148359
-0.2396081305144936,0.1183296880937678,0.1963045548782966
-0.3234487720547466,-0.6324624602510964,0.3758023360175724
0.1865280608896448,-0.0237200063000255,-0.4641380105268695
0.3086215679765393,-0.6568770315499929,0.1047810687066169
0.3635297571430023,0.6071680310720077,-0.4132361013756368
0.3827241017221744,0.3519160797977304,-0.6616422935567764
-0.0412153359462695,-0.0961537303288367,-0.0174460654985154
0.7901334592029591,-0.7213001529837572,-0.490604601944278
0.0471531144731241,-0.0385886796639548,0.0806894610312703
-0.8786233624395501,0.4531092169273597,0.7748365565097284
-1.037596641359733,-0.2893846149607816,0.7492882040479415
0.8909527200979145,-0.0549238760926624,-0.5803131998797173
-0.1730617317849778,0.2810091381780629,0.2087998683649146
-0.7265633993246938,0.3497205738271791,0.9732098842279008
-0.3249184767896469,0.3235531437529502,0.0881202512183413
-0.8151858866480381,-0.3671992461912549,0.6893237720403605
0.8416163611540531,0.5789818680657701,-0.7504980786622917
0.2753011384483352,0.2932744949960518,-0.1988998703320772
-0.4038268233155483,0.0494344384098203,0.4344505822800176
1.197184464275073,-0.2068342490105648,-1.0310801804634262
0.0100044761697412,0.1358074344977381,-0.041229914640548
-0.803047649009048,0.2285168992936546,0.8364835037637773
0.0586481071157086,0.1224294523731486,0.0422494909459442
0.3372831186587748,0.668552711323099,-0.5593258806763473
-0.0152746598506851,0.4673412551184425,-0.0120977747929144
0.0388910135007656,0.0267017632597086,0.0770077666315518
-0.3257005236038105,-0.5405493002209735,0.2143080122936293
0.4277448715329768,0.9162559652000786,-0.1309348323137327
-0.4525235506263474,0.1962368717921317,0.6879913341704131
-0.2048485560101144,-0.1795105909210117,0.3532123624110243
0.306211114507625,-0.5421266669987458,-0.5505548869948451
0.6274421946656958,-0.0760927224038818,-0.5904145738780868
0.7603564558257743,-0.0809269388494096,-0.9905514700879836
-0.0975989501849464,0.747299824951083,0.2746701489061434
-0.2500100287268033,-0.287775807599726,0.2140411752377429
0.1680452755921112,0.3368034672480516,0.0784361883526932
0.7466344437545184,0.2274042893546967,-0.7418153442032098
0.2023574986263903,-0.2213862148056377,-0.0554830167012771
0.1951713832863601,0.6564180357838638,0.0356873534595015
0.2466090387491387,-0.0235936893125763,-0.2823072878542772
-0.2637238684719752,0.7824303965198655,0.3223164681559093
0.4428788534327103,-0.8984425330933149,-0.5062584603548869
0.2146101474069139,0.628322192812871,-0.0938336148320234
0.2816782115120382,-0.4007924366890731,-0.2553971946306044
1.024751168538747,0.3254038682509712,-1.0306383429774908
0.4325263298728401,0.3756785934737598,-0.4953092222547246
-0.170790027575105,0.0982039603169916,0.267647686946136
0.0276966556986759,0.3740670356240476,0.0506390946507803
-0.1017595571983365,-0.0096959783828842,-0.0431043475093546
0.0816416851746627,-0.1789064934136103,-0.1396363794058214
-0.3819213003299958,0.1895787182165391,0.3513423789151713
0.5038522653042719,0.0321168570280184,-0.3082676579754287
-1.119741847964244,0.0472143340856953,0.9797865444217316
0.1886004750376075,1.0695888792772992,-0.3532592182798024
-0.2068496437233806,0.1140508666828081,0.2031350107628521
-0.2537158258052273,-0.0874388678789615,0.0225650642012204
-0.5913292573590809,0.2366228956515495,0.6872714368743292
0.3258797629563944,-0.5362952017794216,-0.5465581166718142
0.1226361700056168,-0.516698169635392,-0.1476397659140259
-0.5538804864204588,0.1567850000426838,0.5584567686198064
-0.6386431299594891,0.001086085134311,0.6229285190189573
-0.3086516981366444,-0.1330542480401573,0.1095680928699414
-0.2726493675369574,0.0128759868130705,0.3902165390803331
-0.5409390052220803,-0.1317671391179791,0.407589497990686
0.1582050677328692,-0.0317546998097351,-0.16522802149847
-0.6040554122075126,0.5016720133038574,0.7186724223536478
0.23905549776519,0.257258800757593,-0.2267741643963171
-0.0451231654635247,0.2471159831137289,-0.0544137267434928
0.1584381807551212,0.6137944340847514,-0.1452006732806324
0.3891893995402674,-0.7777297663029036,-0.569779523621504
0.6729318838218993,0.4775518597848471,-0.5145754708635841
0.5532425703973457,-0.2685338807409503,-0.5801167122914656
-0.0762330510258518,0.0312196229968342,0.0180754308251687
0.1604912772168524,-0.2761328760039039,0.023727338928818
0.9519229583506454,-0.1747293975496148,-0.9910741123624236
-0.3405943856702874,0.4289096804714702,0.331600787181604
-0.1053810617682405,-0.3428366327505,0.2766736674313881
0.4098204694396107,0.3273902482810731,-0.1400829270858985
0.0106447436699227,0.1629133052075801,0.0012689783104431
0.0936564294132417,0.1594699100126823,-0.4297771012530361
-1.0557892939484217,0.3984393802878186,0.9710518327166244
0.1976619753841977,0.159675328238256,-0.240584236792491
0.8919238524364024,-0.3815632813060312,-0.6405126171321717
-0.3169772570987437,-0.4883647418703211,0.4153880267748537
-0.1765875687731588,0.1314122789520238,0.0280886859809465
0.7504107350996033,0.0931448330559467,-0.6494113650681127
0.035701491608268,-0.6450275592000572,0.0097951016568794
-0.4589224141510796,0.2898059463678192,0.5877713058227287
0.3995485274962143,0.4964929792372211,-0.4880409181173174
0.0632154534574655,0.5149135987054726,0.0865192857177524
0.1407752376158073,-0.2506855348511554,-0.2285479321518756
0.5328855207582837,-0.3378888633306717,-0.2349756801153906
0.42623215152049,-0.5243867318649214,-0.6205418023610528
0.1470604177413966,0.4816292981288678,0.0461547195697612
0.3775974506884823,-0.2396215727577698,-0.2946441880888114
0.0982061032061775,0.1693959215727515,0.0471821108998323
-0.518990187736914,0.6240490026992427,0.3899766117772119
0.4183621287228345,-0.4137702110966647,-0.3662783864062056
-0.3843443756093812,0.3953460420667031,0.5047127140271006
0.2881507967006393,-0.2456236432559654,-0.4776404850759676
-0.4700900289277144,0.2879982540281214,0.4514901283038938
0.3497829468967618,0.3146688504563014,-0.3343775325863446
-0.0623127432250793,-0.1861750608414229,0.0251045229634855
0.1510593625307092,-0.5757129525571347,-0.1053562493895255
-0.0189966159502523,-0.1939341872736268,0.1187860176914763
-0.4730682255489902,-0.5212529998699371,0.6881870787072741
-0.1015790328448309,-0.0131955234162032,-0.0365018492564014
0.0546367436919436,-0.4021877969777481,0.2908741453755369
-0.7000023097928993,-0.4143123115573602,0.7079394807204498
-0.3140515438463245,-0.267348162728809,0.267477724147476
-0.1673198117355309,-0.1092733711037493,0.2194808272582802
-0.0089473547597639,-0.1900516643419509,-0.0375492216102968
-0.0375411627874928,0.6583589971517907,-0.0186446042375805
-0.0577627643313455,0.2311996193752414,0.0055020440886144
0.699297367796894,-0.3164000099053776,-0.6244940944617728
0.5662981440358457,-0.2809168475106316,-0.7185040806498522
0.618822138701834,-0.515463251359907,-0.4984495567921362
-0.002530216627219,-0.0303493299390513,-0.1005067214623722
-0.1503690955086571,-0.9983843829708864,0.0676675514263671
0.0438398007057123,0.1815071191348185,0.0273746619321694
0.1581227956358721,0.0686647033680709,-0.4585219600766594
-0.3757456738383771,-0.2950192156037807,0.3746820845738791
0.0951902128987394,-0.7681480739748383,-0.2609068229888152
-0.116717456546662,-0.7178384284098132,0.0788432019690739
-0.7439238517857447,-0.6251016589060214,0.5434050152264824
0.2405031799526931,-0.8167061199815284,-0.3992150208587954
0.7097948545837321,0.1513942000793516,-0.5992289101765006
0.9388071922248458,0.1739552222583008,-0.8018745121540761
-0.1871030361981591,-0.7272535443060513,0.3547482784159821
-0.1004515928195316,0.0483654922646579,0.0259779556731962
-0.7521795979708463,0.4137275523272221,0.7742934035313921
0.2116832386216201,-0.2753012113468165,-0.1945980175796707
-0.1032743788035858,0.0373745236520461,0.1013418222787422
0.5331206675287506,-0.3472039549499427,-0.5897706671294897
0.0939633228217916,-0.1312010979780133,-0.0489786285966445
-0.2361592999549912,-0.9016289150030892,0.377752888087142
-0.2471448195717219,-0.1109156980286093,0.2966234897179982
0.3738503465376516,-0.5088768031804874,-0.4177374527279076
-0.2233935170794838,-0.0657866667724372,-0.0548428237446995
-0.7366915874336074,-0.5569480122067447,0.7398951752502012
-0.2485618327831427,0.0683491226699076,0.1981540314924649
-0.1125155049245621,0.9676340708477496,0.1848222153350422
-0.3079858966002974,-0.0595758999162962,0.1929483668992492
-0.1083925086374777,-0.0875172219218167,0.3341864332354083
-0.1143482145237462,-0.0071995510688522,0.1561359360395802
0.1409915358304982,0.431116325848522,-0.17632694353
-0.1144895088447003,-0.0576035204756388,0.0162627582763134
0.933662113519507,-0.1824439069920493,-0.9258688315009298
0.2301418974120346,-0.3460145108516017,-0.1187537998591217
0.2205079077808218,-0.3467829742121425,-0.3639730338454481
-0.1100008238705231,-0.1227939127565322,0.1198935469997516
0.0456998345570075,-0.0620646305667118,0.0572565583759776
-0.1787906110624389,-0.2623866661381444,0.0446219478235168
-0.478530441501805,0.2630503450096134,0.3160994612849447
0.8992085773023211,-0.5135894078649305,-0.7745971259899946
0.3155526399576509,-0.4741317209496765,-0.2851491381892519
-0.266206357400969,0.2285715524965301,0.2126782922310093
-0.0597084753131327,0.8295075573035913,-0.1930118589479311
-0.1298027424880923,0.2635506458087999,-0.1317752716525443
-0.69940627648939,-0.1662589717888968,0.6235095168663836
-0.6573873304917331,-0.7239685038973827,0.7241228094901452
-0.0875779123310522,-0.2297051124935946,0.2168861964744143
-0.145575815254343,-0.3564786502819442,-0.0169995925204277
0.1722528210875406,-0.1980905779769849,-0.2981799042601638
-0.6276340863716529,0.8402980677545964,0.500895904888787
0.7864160889169766,-0.1749210423566636,-0.8915471507628758
0.5743333559157227,0.2466774508394024,-0.3257122154077915
0.0429667996833938,0.1458865387136273,-0.1624003049340442
0.9895114055833628,0.0237226590938189,-0.6685117483401759
-0.1468483502912961,0.3605445266671231,0.1432119107775737
-0.1303710774640284,1.0409387589151946,0.1668936800186343
-0.6147020476283386,0.3400162553734838,0.5565966841445549
0.7182786702435299,-0.3710239766332834,-0.8188357189512072
-0.3437842909982295,-0.0850915396958629,0.2460248206908193
0.0846191865208137,-0.1016617258299397,0.1024602117077955
-0.2117542626930343,-0.2009075193825316,0.1314922440593661
0.7737659056047438,-0.5330205829825448,-0.7528474390689445
-0.2527010104277788,0.6486655081702225,0.7917130756922299
0.2178014828999402,-0.0234278777317306,0.0682641513898438
-0.2702061923907479,-0.0836402110069442,0.0889862938285454
0.1181996994610082,0.1157140836935176,0.0106773514810645
-0.1488771752729299,-0.1229949841106777,0.1443183202492994
-0.2118892119082295,0.4317347962518201,0.0738539965796964
-0.2521616394664604,0.0394714055728973,0.6203565504554807
-0.6001490663690533,0.0174088920765836,0.5007131490944817
-0.5303372158265635,0.8737416178792436,0.3660500103949196
0.1145501508628672,-0.1718075871226821,-0.0535294919335837
-0.2690060301127496,0.4770181903172458,0.100917035103087
0.2689944638971447,0.6578031647745894,-0.4430133874919018
0.7900767770275251,-0.3794699251449437,-0.8409223308103179
-0.6677546470893021,0.7796595686172534,0.5214743995294336
0.040222359587342,0.3959448126717454,-0.0483191863034554
0.1300579363602347,-0.4765556180871472,0.1854713468457937
-0.9940547497863051,0.4740011608022745,0.997535838493942
-0.4398325077150053,0.1905120711121496,0.463453858443461
0.2685764414138302,-0.8184997227001736,-0.2195279540096822
0.3247370770856992,-0.1874426388245738,-0.2217843485086573
-0.0911734691323508,0.5307461184207003,0.0886049603964436
0.8446465751143495,-0.2738157948414501,-0.931785957803202
0.1396813841317418,0.3921110612952385,-0.2817653574779423
0.4797764061221218,0.529068842703044,-0.3455160697003072
-0.5635112707802397,0.3755783548783721,0.4792613569538709
-0.0577154277682258,0.1619367660724336,-0.0588314914475012
-1.1237097413623034,0.3102268571094915,0.6614283602318372
0.5358942307951813,-0.1307980916628212,-0.5826833888663813
-0.5138484456487419,-0.0188900918732595,0.2507552617556781
-0.3748085299022843,-0.8236783283584622,0.345954770558303
-0.278129087784936,-0.2424144658207686,0.1792627239118457
-0.0842710863395278,-0.0107542881418698,-0.1036571782730961
-0.1117382657243978,-0.8396269195673602,0.0512195686110804
0.0368625186073566,0.0970372333162666,0.1208917255788628
0.2801396553269623,-0.2388660530979566,-0.3391520906253661
-0.0919651022632135,-0.515938404710083,0.2984914208033593
-0.2329606868098177,-0.1143627358406336,0.0827849000243013
0.9435812010029776,0.3415696103147728,-0.7540527544007729
-0.4386798316142726,0.1769207198091091,0.5201418254312614
-0.581999324802796,-0.148664286276803,0.5048243306701047
-0.0538982660169493,0.0078484946248364,0.0081492569650987
-0.6403198113428519,0.4296365506117569,0.4200874726197376
0.1189932044155977,-0.1075996552345861,-0.0878945189145378
0.0145491606735341,0.4216766635033829,0.0081013898013843
-0.839758999301221,-0.1043825468263192,0.9760582169309102
0.8906648975973698,-0.2321387132254583,-0.8521955236865597
0.2109196276961039,0.149918694236485,-0.1468145365617133
0.2925347904975809,0.0965352267413441,-0.413799006265395
0.168493984833798,0.0099015715856847,-0.2769944036145782
0.2263339591735917,0.3577441064404582,-0.1819752530809505
-1.0801103821603846,-0.0472380885055323,1.0943465773207477
-0.0450436355875789,0.0669279777586907,-0.0197831931771861
0.1075401889513002,-0.7426831820321597,0.0495235653895002
0.2100028037014561,0.8361443712882064,-0.0712178995591225
-0.5720579900729961,-0.9162128591361764,0.3706704032348508
0.0238531865976081,0.2581892634426715,-0.0199922339295199
0.4855829651545975,-0.2244468214629289,-0.4084786871138981
0.075399769973772,0.1370520411305538,-0.151964503382131
0.1933339610717689,-0.0635964024512013,0.0012587886250281
-0.2053174767985012,-0.1039122233085658,0.3626500498412152
-0.1234188589587165,-0.0752044502863916,0.097327884322976
0.0168488004802166,-0.611470275469494,0.1261427747663549
0.0249178983227063,-0.1556942803922593,-0.1197635445330606
0.1248211788903182,0.0310955919638475,-0.2187457400245238
-0.4922217945927593,-0.2520466199048148,0.3864881147901672
-0.2193289085376377,0.1656151689956282,0.1635825035322338
0.0123826675727642,-0.6062884810693444,-0.2778173457833499
0.0048672010898085,-0.0029398462054695,0.029045993301786
0.0954989496421888,-0.0376723501788636,-0.1089874430657715
-0.5989615565304304,-0.3193126633826194,0.7055941209741698
-0.2185326562348317,-0.2458035431378786,0.0726814368108792
-0.6370737472759922,-0.584517441169206,0.676861505591891
0.7773016919688538,0.5063196362954134,-0.7217158678835005
-0.6469620434723969,-0.4512277343749281,0.7959011847181788
-0.0293107378000119,-0.1156053451086085,0.1627870564929939
-0.2561735439285307,0.4196669974465042,0.0518295289253887
-0.0882238783327303,0.0443166473016005,-0.0592856050350091
0.4055698286808166,0.1167263011205378,-0.2098673023162676
-1.006959979041561,0.3580814245327369,0.7393647796973987
-0.4610028583846209,0.9188969012719452,0.3605769405741201
0.2420593841045336,0.0067046204292865,-0.2258481171539459
-0.5741605514454425,-0.4050164176007727,0.6232673077416342
-0.0048719653273267,0.4145287123948969,-0.2393982053254009
-0.2092585753675947,-0.3444635815072477,0.0626229625256047
-0.2039147437499374,-0.7667564590454091,0.1362198207564359
-0.0828805726899135,0.1421980991882175,0.0506737220170766
0.3428311349828964,0.3486103912096538,-0.4424224370467564
0.0756536760337991,-0.3383166498133078,-0.1378736554100189
0.5582088735254401,-0.7608977089342667,-0.6800455098020535
-0.5917492726120122,0.4570361695644019,0.539068592254738
-0.0938083093048891,0.8278571199231934,0.0532949459948486
0.3333456653984294,-0.1999004789370843,-0.2308493463086009
0.5967700711717325,0.2426708753706169,-0.6417522112641261
-0.2510740611272307,0.1950080514545452,0.2051985552409102
0.1127742499401431,0.0462518253264638,-0.2261904107002645
-0.693869392538656,0.4579425989689005,0.6021090476609647
-0.1651342496377249,-0.0428380374236678,-0.0761571533099318
-0.1047493718313859,-0.569520237432142,-0.1067694133767551
-0.5071054871660513,-0.1517360984912826,0.4620465866431942
0.5742660039191497,0.5427851642618009,-0.6390937026725971
-0.0722235461173849,-0.118085317958309,-0.0707551987306547
0.4254536178898268,-0.4787713873209807,-0.501442467786011
0.5364787664673574,-0.7115315571296066,-0.7023683470026225
-0.4947559463835156,0.5216175543264772,0.3349753802007612
-0.2842955918873405,0.2278640604679583,0.3693735731273477
-0.2123342974708705,-0.3433603364152226,0.1963592327388263
0.1806155335527163,-0.0275199290850477,-0.0071347352972468
0.3048891873581328,0.142410444779842,-0.196394062242209
-0.1060847072824593,0.080592216252825,-0.0303180394847201
0.2668798098522258,-0.0956127048600106,-0.1844188559537132
-0.3271459323424883,-0.7538489164584704,0.4116250516557592
-0.7085428445041149,0.6963900174002915,0.8789081792123957
0.3378619836636976,0.989107216489075,-0.2871252621436075
0.4217792292206168,0.4795912118272949,-0.4702359737056596
0.7436704611761253,0.2069217769694741,-0.7936116317762567
0.6410020703333358,-0.4651822996105647,-0.6692655401982393
0.3843339485542912,0.7847270905240661,-0.2891945292982377
-0.5388541935698319,-0.5933818300555425,0.3274326926937955
0.6097192566675658,0.5099761138924885,-0.5859633108919436
-0.0977339031034193,0.0391475022807824,0.1266798569011337
0.7292503876546709,-0.6033516795383622,-0.562714508102569
0.172572622154628,-0.2361074967318064,-0.098675330467247
-0.0479806036670226,-0.2560539915967982,-0.2101337108055369
0.2493567709328001,0.6657637992228144,-0.3814906571563742
0.3459012104394631,0.0421188868986066,-0.5197563828074259
-0.1356698827310948,-0.297543507217845,0.0306785687167716
-0.242011967238953,0.685079146363901,0.1910595049668239
-0.1065358181417887,0.3861438714569317,0.112942141007547
0.2742512789209395,-0.2120005519930966,-0.0271926832287722
0.187600649561846,0.6462961684374342,-0.0425132813787548
0.1895638636457132,0.249582795647337,-0.1391452139981674
0.0926789282612415,0.0005558019301353,0.0396034552988337
-0.1458133137615629,-0.172901143118365,-0.1083676366217099
0.0104863099501433,0.2948467689448993,0.1027763684485687
0.363179140165516,0.4292177556827558,-0.2731045257686715
0.0639585785670084,0.2137874717660312,-0.0540179278642639
0.7197046138140811,0.1098307555524991,-0.8185330490109086
0.3475069783979386,0.2670107539521109,-0.2460691466326123
-0.3320395492007068,-0.0679629978336028,0.2131102796304548
-0.2059882179212037,0.388079554377426,0.4477934208320691
0.0908291439136682,0.2363036138958055,0.0126693735987743
0.5670857706236907,-0.1196686346549717,-0.61815722233006
-0.0258596907340443,0.749660037578336,0.1981089284108406
0.9192294378484248,0.361690432725099,-0.910518695500327
0.3293015780954454,0.741843544372824,-0.5442187917728404
-0.5114851696392966,0.6343418561248536,0.7164163061300546
0.7302456556563012,-0.0674206903733635,-0.4035704675317559
0.0129392369805036,-0.1392763065814353,-0.1040635193252577
-0.1616158354548194,-0.1828125133238337,0.1951235825995
-0.180790246349017,-0.560638357773045,0.1566732756615356
-0.5199606787224194,-0.672967237729759,0.5639410297699202
0.5051702361407215,-0.6290157677835311,-0.7215021797731376
0.3766463188578347,-0.2476795976294635,-0.5274529686405878
0.6109695708491872,-0.4695348134035579,-0.2905249815317616
0.1827471401836094,0.002948900158864,0.0140493483512313
-0.2717195973581213,-0.9029599109803323,0.2695961331247052
-0.6805293049205143,0.8176399339959781,0.5167936208025227
0.1850681246148304,1.2479246227875531,-0.0667404956768262
-0.7166828692143988,0.3774600118987929,0.6953051953103514
-0.0794979584765377,-0.3464683274009688,-0.044347265452415
0.0538865869403365,-0.0351788740186755,-0.0420713737575079
-0.4296874953658497,-0.0842544932862038,0.5776690370226656
-0.0518690672039346,0.0202336225085513,0.0844377815353399
0.3456778207322641,0.0667774260067925,-0.0046226760989629
-0.0552728428682245,0.3805911483197732,-0.1080982425904533
-0.4704437994566526,-0.2407092316773387,0.4858097370598126
0.4278955995072288,0.4108643629682609,-0.4681092169825578
0.5106763476661285,-0.7277230171472059,-0.2973591354572282
-0.1543892622852785,0.068246990059362,0.1288715500949763
-0.0075116567999741,-0.1305098506789499,0.0494278781414251
-0.0169814767306883,-0.1851986830243888,0.0740282913563974
0.0214186993120427,0.1176721463427432,0.0094304966880826
-0.4720405366716428,-0.3393443059743657,0.5101653335888318
-0.6402384149749795,0.2596513103621802,0.6062407062129495
-0.3544595757741964,0.564399748662491,0.2896680409200982
-0.8471914580038971,0.8283845366452851,0.407425502715987
0.5523830865278033,-0.4126748205929121,-0.5063611228510746
-0.8319141644259863,0.2208686031506715,0.7472821495215891
-0.3075128871483541,-0.2900426412238345,0.2999132000783108
-0.1022561790391737,-0.4299748783036538,0.3626680418223454
0.171211616075727,0.3483485641277637,-0.0515614438453621
-0.0826545714056458,0.0829941631297839,0.0236878723803361
0.28275737104334,0.9284968554118238,0.0021779520838926
-0.2997721137817631,-0.0689347490187048,0.364744225651827
-0.204236044407574,-0.1423780831095866,0.057638522167352
0.3114994926674436,-0.1993504929624516,-0.3746759891046922
-0.0829574616849287,-0.4654418495195075,-0.0484879171509216
0.6981334218983412,0.2220501575404009,-0.4781416703735706
-0.7539702919801546,-0.1537226817417182,0.8125090317588372
-0.512779845910261,0.221186612611324,0.5325798555490159
-0.4424552030971983,-0.3879391926025555,0.4323001066369348
-0.0140266770973893,0.4891029806242182,-0.0590369774580683
0.3682716104622006,-0.8744532367131294,-0.4905634131361043
0.4240835636213299,0.1265077880496628,-0.3571352356221835
0.9571662491234554,0.3356274563259327,-0.9883503097849796
-0.1450576354396991,-0.0508779296368828,-0.046061735077233
0.4356820170332646,-0.6643819230058895,-0.4380335365690121
-0.8660406312740501,-0.0242880169114389,0.5468465633132423
-0.3328118298468152,0.1806323459864141,0.2049228793153867
0.127661824157574,-0.5366668834423983,-0.5065093158915229
-0.4818037711234646,0.0653328001168387,0.3777496895498025
0.1784944319925429,0.1389659843632325,0.0203712692559921
0.3034927096199392,-0.3893462319696814,-0.4053383126046683
-0.5912513166166025,-0.7793770477286723,0.5661494222149488
0.4222221016787346,-0.5798319246533093,-0.3085510459053333
0.2623471856247676,0.1904462068383848,-0.1112041874629223
-0.2415161583748151,-0.2609362318689396,0.3412606005575254
-0.4314494179107868,0.0469457701509216,0.333394930950127
0.0270020986340141,-0.1939823950723247,0.1871676060282361
0.9072615432365604,0.2168249590324468,-0.7939946146767758
-0.099477474493495,-0.0694685576192848,0.0092152706813431
0.6470086837460846,-0.5772199848474354,-0.797440967117967
-0.1171954094663134,-0.0262713299268048,-0.0683285771838739
0.4629541413929871,-0.3944343064302382,-0.1910546640766752
-0.0810840565102113,-0.2761243259902312,0.2267866143558857
0.3218036899593327,-0.8051638679565227,-0.2365269711667019
0.0600355508774792,0.6730510955415451,-0.2247731669284579
0.9229691156882264,-0.2006023743878561,-0.9097133017846416
0.3736379632888124,-0.316053472090474,-0.4831659617006173
0.6556265876562237,0.143062167135545,-0.6373819467233397
0.034598447018655,-0.0745797661264488,0.0528638512752192
0.2049799417699144,0.3227177030917663,-0.2326097267410705
-0.6486645864304552,-0.4250468828290953,0.4035222421129503
-0.1534834674645726,1.0328553172524355,0.0714777547802543
-0.9464298308862382,-0.4127631311273664,0.8103985272435458
-0.5687761019579844,0.1985849218654813,0.5277369780925347
-0.4211578068404171,-0.02649948029224,0.4087671550025551
-0.0537353685485733,0.7172443898927195,-0.0484013001955141
0.0514821723546875,-0.4602357660427036,0.0544652548844732
-0.2448137768744249,-0.2360084396168859,0.3092482146839067
0.0112449122537916,-0.0363925881688688,-0.0299641585820827
0.3631217268970165,0.1993171434730167,-0.1866583753359124
0.1629289649783937,-0.1758816340084364,-0.2662652221830509
-0.135927482162788,-0.6570287252663556,0.2956175306760518
0.2427904957848827,-0.1409082631163169,0.0538517652915951
0.3182127493300563,0.6047276170212963,-0.3368684775152017
-0.2522462627882456,0.6835036047915408,0.4560416946162836
0.2481255207719588,-0.2874426392274194,-0.2537841153284771
0.1821840630107264,-0.0517648970765842,-0.3196206736825145
-0.0140752341113089,0.2937361540490103,0.1245681835896432
0.1345848998418992,0.0992762363701814,0.0133390950348542
-0.0087837527862682,-0.2020717769061881,-0.20991495244003
0.1166071455532782,0.0454582360519611,-0.2988160653926158
0.5865395666374028,-0.487219170997713,-0.5184984248893385
-0.6522651316624569,-0.2849129841955788,0.9069373588199428
-0.0687515276209113,-0.289800082048159,-0.0368582610291727
0.045278029923117,-0.1623007452053492,-0.063311338691851
-0.1903151823218237,0.3221147588394762,0.4218399968929054
-0.7886976229605932,-0.0634372640330026,0.654887108487404
0.2628766746391158,-0.4453233632770075,-0.2448987467125562
0.9709668000769586,-0.1405932153707207,-0.670509378744951
0.0996532837676001,0.1595246118469466,0.0804820502097765
0.4333102063737041,-0.309880083516549,-0.5020215506650161
-0.0492830202773472,-0.1423870041541453,-0.0430728213669736
-0.0138647135907413,0.1375803639596179,0.0920291961468344
0.2694307105494948,0.8149636429995343,-0.3448311560193701
-0.0306337542395042,-0.233011285890173,0.0305536919871979
-0.1142582079597172,-0.3423240385017668,0.0494438335218965
0.6715627525288578,0.654041507579034,-0.7090032095570907
-0.5619991310244036,0.1911575085809244,0.4251473608443125
0.1497059000891618,-0.0027509226746509,-0.1223656339451493
-0.0987345526691018,-0.2872793357705496,0.1536980028098057
0.177171221682147,0.0155123637899508,-0.2334767318670875
-0.3921851863840103,-0.1435069321327463,0.3570702397806491
-0.3170119168627649,0.7850281200097428,0.1974644606652724
-0.7978296938192344,0.4413143189881447,0.9692266805139425
-0.8156087904693465,-0.6511369395438692,0.4327607368681617
-0.1109729538716539,-0.107720510593952,0.1272794256199343
-0.4033370587563731,0.2932650820185231,0.6637176178821821
-0.1044032948424258,0.4934960768711552,0.1481967258910986
0.0145624370433074,-0.7591630418856877,0.0210172884542319
-0.1927164187349304,-0.4581601856906017,0.1030598354504238
-0.22974611507968,0.6267746007352215,-0.0384147350787825
-0.9306116164140448,-0.5661661301440367,0.8721511565734226
0.2440081099310155,0.7747695541865752,-0.4580156742217156
-0.6240093240102307,0.0328693532109701,0.5842208866493026
-0.0843974700275721,0.0103117575056106,0.053743819885332
-0.1790668006150468,-0.2376075371121763,0.0434483182353941
0.8964862505282519,0.2459881562685729,-0.8283525650182268
0.7980450887485244,-0.041744522587362,-0.8277635367428081
0.6563705221138216,-0.5139771589797746,-0.8689488402648213
0.2099029506079085,0.0024820592162474,-0.3642166726500854
-0.394351147793319,-0.4144243069612717,0.6782695284189759
0.564256911842622,-0.5407836306116676,-0.7056138137448308
-0.6407775231141886,-0.4289401300218778,0.4566536534964353
0.1982752077596966,0.1323606150410537,-0.0457665618664017
-0.4404037310349412,-0.7190919346484463,0.3695243663836877
0.0316370770579028,-0.0980121597934627,0.0562099871340391
0.251712636031866,0.7240044001997051,-0.4215951478254824
-0.7748376959610845,-0.38501699930205,0.7239339310620853
-0.3757344053826674,0.6398842356865144,0.3814853509136943
0.3738528207342758,-0.659716734968199,-0.1445622475169837
-0.519332333067507,-0.7153836468275289,0.5944811761295902
-1.0188113910724417,-0.066722570440841,0.9954873533733968
0.5226706683266858,-0.7003572691077795,-0.4937009543172931
-0.776177802994221,0.5925519824850265,0.6632141695530338
0.4291681429268519,0.024337876342659,-0.2252439753877338
0.029584904725462,-0.0854210116776454,-0.0244633520897065
0.2840307332737484,-0.6550208401140298,-0.1109703676175648
-0.1583527984380395,-0.1591623066948012,0.1375859168671264
0.4347136106669551,0.7439342134619119,-0.468655907872039
-0.1010355229249203,0.0429040819036273,0.0318595014797151
0.429671732997102,-0.5479665428836682,-0.4112161066472425
0.0854448464867681,-0.2212948418096268,-0.0264754689137579
-0.9729799209249164,0.179554400538175,0.7673844831079251
-0.001763006534361,0.3225452785640098,0.0790157929187263
-0.4587718389700324,-0.2447870908131961,0.3615775439342862
-0.0787807770831126,-0.2204751494891517,0.1018112638516583
0.314907221484578,-0.0774754205899572,-0.089796350113938
0.0704946467917334,0.2256948223567946,-0.012279182572615
-0.323059197875275,0.3220028988657187,0.2002232758825942
-0.189746420082045,0.3811985029351558,-0.0202047043171946
0.3017525537523834,-0.2997739615966105,-0.5135885110211724
-0.0379212284188934,-0.8085784374552054,0.0529655181848333
-0.0791839231424097,0.6260407062726782,0.0857365655386287
-0.2791538625845389,-0.1594006769399797,0.2441307562219993
-0.0276826860864298,0.0508035469791541,0.0881961136419311
0.327450498383844,0.1845528599654642,-0.5303840176633471
-0.5747705297447587,0.1905957854902887,0.5124881477405292
0.4535526186122339,-0.1357074123209842,-0.4465937666438216
0.5328899546124208,0.1918027713280174,-0.5539327434387469
0.1681441402003537,-0.0487667820046661,0.248051630253624
0.0567259628755013,-0.0420386053356816,0.0708812576137603
0.5604767327558983,-0.1198442378079206,-0.6167460400494834
0.1635298947482886,-0.0065406951978795,-0.1788251299140403
-0.1696205118025994,-0.0970127670965044,0.0713388143461513
0.4756635596386335,-0.0642596522112326,-0.523877990855352
-0.5052699756384773,-0.4578945759062066,0.4002902358432796
-0.6588263504071687,0.1828429661782299,0.5280023187927588
-0.1963269375087932,-0.1190661849206421,0.3678063678683901
0.0051321255799687,0.1790905599579146,0.1184228001956479
0.1410732788694358,-0.0024378376198032,-0.1470930475690242
-0.0491621349204352,0.4227849747411352,-0.0196806700602903
0.209267552383021,-0.3408002999013637,-0.2306121739967939
0.1370276303772964,0.6438663170356624,-0.1376187970500073
-0.0448549519304053,-0.3510324664002376,0.1211772340579908
-0.2514485244747412,0.176752467329445,0.1957528069715991
-0.0073920448617078,0.0204109173267244,0.0929211975683777
-0.1399292341133785,-0.3692057252361559,0.0061328617677605
-0.5614501061615045,-0.3485642759758457,0.7979598942424224
-0.8629117247578062,0.078457007459611,0.7319279886193927
0.0774902361671351,0.0259156719138188,0.0502169533694844
-0.8176270586745676,-0.2570595950713399,0.7531281324780692
0.1347097240074464,-0.1121212433824671,-0.2520002467232196
0.6530447458493401,0.0928326321429574,-0.7595745057314918
0.0960387748194719,0.5376104604567786,0.0341103177009548
0.2706589354231556,-0.0152490845104268,-0.3377057212818574
-0.1172581214616285,-0.076328430777134,-0.0002448874658282
-0.7278716722057257,-0.150828381873408,0.6230197836665069
-0.2374292408279067,0.5792702909998071,0.0933857442647936
0.1113002547768333,0.3007442758040304,-0.3672987135285259
0.3540802197168509,-0.4148660144666176,-0.1089290093913643
-0.615305643686407,-0.2040767804340731,0.5559490686967665
0.163623357969296,1.023697156749806,-0.1061325278420878
-0.1719563539002555,0.1521425483972835,0.1790348524948006
-0.433099634443372,0.2669518023856155,0.4276418940711805
-0.6128182669510622,0.5197052048137231,0.397417026138847
-0.1962852867948315,0.1412155873620757,0.0787093755554529
0.1219277028403609,-0.0228479186968878,-0.187704849747636
0.2124074301870403,-0.233495690031207,-0.1114929344010512
0.2209605233956859,-0.4298000321868208,-0.00579145150853
-0.4530186218247597,-0.4806195979042931,0.5684178267080677
-0.6803170092514917,-0.499555046933031,0.525383498380759
-0.0934137691000949,0.1959299004099605,0.1023312131805873
-0.495434554539472,-0.5582282591512352,0.444206475411071
0.0111036720244571,0.0289773955643699,0.0619839883179655
-0.4496203520130801,0.0854382045029005,0.4531290242569677
-0.4898160355125931,0.469152469037687,0.2573946992116723
-0.7693761039458125,0.3897182166051272,0.6486218075059399
-0.2103227206314471,-0.3691272540800874,0.3333353630739788
0.4562155269969292,0.9498912318868205,-0.360053556000842
0.9927116227801318,0.4263602376591892,-0.6921783589769914
0.7317670468386033,-0.2293287653461378,-0.6162278565278798
0.8277390092023326,0.0631490139357843,-0.8116236145033535
0.4584344658695346,0.963978924340466,-0.1864408351430579
-0.1718138316008377,0.3587928924558615,0.3517554258434768
-0.4079770334002965,-0.0729225331625811,0.3470529850440843
-0.4675479032639983,-0.7810270997939199,0.1211134947131202
-0.0818439189341218,0.2409701280123019,-0.0037386885318239
0.0921108537276985,-0.5146438706403409,-0.2634065261617212
0.1569859378981874,-0.5810328734093406,-0.0455033532493847
-0.1340366013261661,0.3223991180933148,0.0606423747152211
0.0612035973212341,-0.0536722270735528,-0.2372843060158476
-0.2894487247076166,0.498468240597935,0.267788505707018
-0.4320647220741603,-0.5816911556536105,0.2294179249774442
-0.0242874300981323,-0.2210857769213695,-0.0678907497365117
-0.4476139749505932,0.0784565379548445,0.2192580430505253
-0.2086201242664851,0.4085753882351789,0.1509284810381666
0.4218350959916974,-0.4188003151265745,-0.5222449246686612
-0.5497314556008279,-0.4702440991898823,0.2401751216586364
-0.1254030683418328,0.1289064739597933,0.1529225360034352
-0.2289006261819534,-0.5450014348003122,-0.1437435238689882
-0.6941944278623238,0.0567275949882873,0.6989693499353882
-0.2565778755577749,0.3196350859472956,0.2702625025514762
0.0103673940515971,0.2160873452004374,0.0592541608432718
-0.8872960823432463,-0.2716619144187341,0.7277040192547855
0.6647877619223426,-0.8934350745860467,-0.6811820667522434
0.4644211386760253,0.1859302890026025,-0.386143986435966
0.1426301087785076,-0.0735968238809043,-0.0442595769680675
-0.7899894788655428,0.2137380291664645,0.7387104213476802
-0.018332645013078,0.2183393626335514,0.1090645611520331
-0.331411138558375,-0.0197832647651417,0.3504361374711717
0.956736895505891,0.1287196512841116,-0.7281015204406942
-0.5355015157249422,0.5721319020185538,0.3576475449160251
0.1575607509968003,-0.6467533046490503,-0.2182278542752371
-0.1799262977869647,0.0893583056426348,0.0027040586640045
0.1909103905481208,0.6208277767059506,-0.4152378688445487
0.8820030412365107,0.4262710288949881,-0.994064504390963
0.0341520886722175,-0.0940108526536043,0.1168690167816798
0.3171098939096257,-0.0384606514330069,-0.1842421659952161
-0.6170117461626581,0.157690794951251,0.6230563803863938
0.1478171907199234,0.1968802108395332,0.0376718753667666
0.3216301214277782,0.4021325563446769,-0.3600521614259316
0.4379865065887158,-0.3873740175130439,-0.2651529782267443
-0.7828675919250253,0.4497763997942086,0.8255067814719884
0.7313853035026596,0.173565962880399,-0.8040610218018531
0.2903365546621791,-0.2877649171253854,-0.1638692385317185
-0.5699662506284608,-0.3430529815812609,0.5097557413388317
-0.0142956842993845,-0.6843408604671888,-0.2795881153131201
-0.3365840198446981,0.7916168008220651,0.2504686889735197
0.6985467033832957,-0.1985914160119625,-0.545229101666167
0.4411592980202889,0.290602414523961,-0.3428022475396132
0.1632519784695031,0.1992242188610123,-0.1371249913222789
0.1950538571130647,-0.6488817457134363,-0.1675148709979332
-0.5730093937712789,0.5878008876899767,0.6983392091168495
0.2026847407170121,-0.1912840072219542,-0.0221994346694479
0.1300556789550381,-0.1210554513131295,0.0308077047171259
0.1293773220837862,0.0995932115300049,-0.1451705633744176
0.0857718564847178,-0.3286388716708698,0.2560824525265868
-0.1230229062512768,0.0126635669973138,0.0445141468875819
-0.2302609887152074,-0.1355047509324029,0.4494073622317778
-0.3077104635554329,-0.2521519596043413,0.2599038592126602
0.3143022629239329,-0.4644603541553486,-0.5028532815032716
-0.6376764526026036,0.3478459980177407,0.5792988439686536
0.2172190147800116,0.4068964886708676,-0.2763467095645089
0.6008239174886916,0.3359966039020898,-0.5772874666311191
-0.9432092744350384,0.0543062900924969,0.8935139400748302
-0.478605794469724,-0.5686078237626542,0.3997671521189067
-0.0769096156724161,0.376710847723346,0.032184907271285
-0.0986059563703706,-0.2383291161323386,-0.0808365106099611
-0.3398075538752657,1.0000842888214183,0.2724624592783896
-0.5956853315863656,0.4477829511314231,0.3910751211727616
-0.3288734472066918,0.8179538727858767,0.421887431699911
0.448910684245506,-0.6703450135312624,-0.1539769011717364
0.3000657945426821,-0.4601959509676095,-0.3254397414449104
0.4240170456957904,-0.102028556780685,-0.1803446697192691
0.1599910704530179,0.2748913749694343,-0.2176159974441513
0.7815739130563798,-0.4769886852535494,-0.5752092414977024
-0.1010200115157349,-0.1357043949696263,0.2121250990700543
-0.7324950005731194,-0.5527181680956118,0.6794128510727504
0.2923476912235211,-0.6148711357119124,-0.4049101162423364
-0.0380315285039179,-0.4835260993265385,0.1287894059319407
0.1740811142620749,-0.0300925344304455,-0.1516327644412554
-0.1819985940924175,0.4766976694287884,0.3180363545686474
0.6220450083138777,-0.6633714914635962,-0.6629017944047311
0.1196749308660089,-0.0179613698453585,0.2533318127957533
0.226530712194296,-0.1296895589454524,-0.1190510357531381
0.0124491446347796,-0.1373435067220075,-0.0506738472734115
0.7256878310546345,0.2177811141935502,-0.3780209225901323
0.428333545754282,0.57443626518105,-0.6083119930996369
0.4517633479492903,-0.3611773658197508,-0.3541176294410264
0.3531119290811998,0.0875140123718207,-0.4071095790194593
-0.6200429651499679,-0.9041609793926936,0.6416324270178996
-0.3429291755836473,-0.3622321758874852,0.1254849508598131
0.0485729228132936,0.2523362435577143,0.0141410038218083
-0.0861714780965289,-0.0236309101936454,0.1009563473649923
0.1824794371471718,-0.4925795804867311,-0.4032990040337858
-0.1298414714633044,-0.0572944371591259,-0.0180881403991417
-0.036666995204831,-0.0576531835219317,0.0064925056617694
0.4917615136618516,-0.3061287234960807,-0.3325055825661134
-0.0927929921236921,-0.7014201978979618,0.0168789293718297
0.0212058897320601,0.0334880129780391,-0.1179071880338159
0.8910732326201909,-0.4105469332957492,-0.8030353287995646
-0.6331923369413687,0.2156840119160389,0.5950156254117068
0.1633783778748631,0.3593876897829003,-0.173979967453047
0.820012069551746,0.0672398422547345,-0.7802310432773667
-0.5886172083671128,-0.0663923213834342,0.8442631229576505
0.5042107409796623,-0.0785251023276379,-0.5753765118954395
0.1436118064060061,0.6554673536670579,-0.3095398475955432
-0.8667478667775265,0.3349814658683423,0.7365858625183985
-0.2029892336006283,0.2157380449744319,0.0420121569706183
-0.0234023441728343,-0.3143023001817939,0.0356863747259645
0.4779327827281316,0.122267089686286,-0.6664037798476999
-0.1808024932028272,0.1548725718863639,0.3129464960579426
-0.1263894923843024,0.7755534058774677,0.1951090113836328
0.1006555397950449,-0.1496874184179611,-0.1344928135261771
0.2189294625819521,0.2223855160927768,-0.2219806284479634
-0.255407010160449,-0.1883342586624652,0.2675896711782015
-0.2418909558335343,-0.6206424602942184,0.2765320761233336
0.1414100818317051,-0.2704423959531329,-0.1891722130302064
-0.110208297057697,0.0578128975015843,-0.0598315647432977
-0.238378179672118,0.4544843833477553,0.3663093516694129
0.0480482536913437,0.807172703900297,-0.1410533062236104
0.7460265220993885,-0.3766515280903297,-0.7922491702627259
0.3022296794767791,0.3308235616280573,-0.2557144539429416
-0.8353440648612874,0.4930901680450861,0.7907403571276914
0.4130049048330759,0.2165026409383226,-0.3528427472803304
0.1438576332165222,0.6390396035162654,-0.2495215271451392
-0.1930068227279846,0.090337820901093,0.0009277727935791
0.2128775502901397,0.4123522780090287,-0.2008081600195231
-0.5649527599402444,0.9531612337404536,0.4410017300639796
0.0700706734933391,0.1088822996477341,-0.1113782304161904
0.4994482552174515,0.2310135172941555,-0.6841739427307089
-0.0553905237075443,0.1340297042465842,0.2230969601079143
0.01071957325346,-0.6952630651244893,-0.1609824586597656
-0.9547625186643752,-0.0188299763291266,0.7588893172005458
0.654887396571339,0.3599003344037441,-0.8052877087148753
-0.3995108181619193,0.4209265615975601,0.3922848830217625
-0.0008499458885281,-0.1861230883553567,-0.1317828069525504
-0.4073268706305147,0.0718077589701981,0.5237858899898882
-0.0547456065771666,0.4470101709403527,0.0045011932765239
0.2593902457647242,0.0784698837051555,0.0132480496877258
-0.1290104200613026,-0.0070740368681013,0.1538954692693612
-0.2729265802747813,-0.6465484500679494,0.0167978598496559
0.2137456839029541,0.0563486348246415,-0.2182111500460723
0.2401919483423451,0.2929539096174149,-0.2584246814770445
0.1129257087204128,0.3635522238249106,-0.0868378743797294
0.3922726456198671,0.1511655901839024,-0.5048441529986016
-0.3777969411181911,-0.0988201148807844,0.2614952523750182
0.5174651290692782,0.136992250152391,-0.4014993271988216
-0.0474073267545127,-0.7508897924708818,0.072668853273954
-0.0025868666638094,0.1041513816885841,-0.0060205656327285
0.7445492295819001,0.1901261697582834,-0.6844971997063451
0.5394667478913369,0.1898177552713996,-0.5300892644330667
0.3867245014086541,0.4099180001005006,-0.4291403689803506
0.2842770814545148,-0.5522763734495015,-0.1780813711394652
-0.4191454052334165,-0.5224674199351154,0.1772665304975712
-0.1749614138145291,0.6904933075127674,0.3089792117768252
-0.7559890962817183,-0.2391082841335835,0.636793150669609
-0.2911896777251392,-0.7690522298619975,0.1868947354461735
-0.5786863562916263,-0.1400005010083743,0.3312334853814634
-0.0969749749954194,-0.0773542589728386,-0.0013937412543574
0.2507027876732924,0.2696190217515138,-0.2728749134452453
-0.1911952681061066,0.1823605949760528,0.0260415510673286
0.7262192794250222,0.3137837539261594,-0.8150822992141079
0.4843836746702002,-0.0948157078922241,-0.3916699391591139
0.41930631660305,0.1048278100827069,-0.4081284697723649
-0.9559512573498108,-0.0304285480891171,1.1586771039804824
-0.0128836932039653,-0.1199259206329661,-0.2837318866399444
-0.051882974582236,-0.0393749492548602,-0.1420794391939664
-0.0417288214496944,0.0375624010537129,0.0639089248331428
0.4562978208880401,0.092076189607286,-0.3950004230696094
0.3031490929513973,-0.2348604788248393,-0.3549227761325726
-0.1935444783591901,0.2801530023209745,0.314507370826876
-0.1360578032930645,-0.0551704351333124,0.3370859629126084
-0.2597870842461025,0.4594204852889596,0.2653269574909793
-0.2046266643334269,-0.2447349164819898,0.2872273047259921
0.1143937579534241,-0.1558325955143338,-0.028031606189496
-0.2855777276680322,0.4707546547629052,0.0740251972669855
0.2785537584887756,0.130311267141969,-0.2421843520466292
0.742340977251834,-0.6445796243382275,-0.6258007972457923
-0.2456332677065236,0.1143033329991378,0.1437396019789619
-0.0734524528733635,0.106657939414071,0.0690285007464402
0.6482099276816802,-0.3626366325696757,-0.6129923715942968
-0.0945248728232698,0.0785516738770306,0.0066292109421976
0.783087052669051,0.5710933269728216,-0.6307966718429991
0.3134399770450804,0.0295384762866298,-0.0747893335817403
0.0816227272546757,-0.6671209356511711,-0.2182202325222788
0.3220468313449036,-0.299674248375273,-0.3546506436920366
0.5948581149364431,-0.2429108614595928,-0.3887019761376964
0.1863812398287608,0.1644514333762087,-0.2319023786360322
1.010985830477048,0.1609581315257478,-0.7943747975575675
-0.2292794305696285,0.3949854372166864,0.1640626030725592
0.1352528295381774,0.1768808332058379,0.0015432523324449
-0.1055597482946389,-0.4064444569817859,0.1926632229988529
-0.3574474306658018,-0.8285774778645059,0.2674505397437445
0.7739803371605722,0.6469444957199707,-0.665642008785778
-0.4330176503748461,0.3352587130884694,0.1266648480692181
-0.1166761381370369,-0.0812011394186251,-0.0758196978877478
0.1662055661105532,-0.903650822613857,-0.2125147489489947
-0.059219003450467,0.1020492971871165,-0.0597903876197568
0.2710701890548905,0.497949769657902,-0.4835962918192016
-0.1615596878589581,-0.0267989422767219,0.2593577594371192
-0.0655231131184636,0.2199816110332014,0.3026370683921114
-0.3871554847589315,0.4496705687860851,0.2014368999812299
0.1319026381461085,-0.2062484002514433,-0.2476631241989259
0.3036497191212736,-0.666574875076749,-0.1921929405227462
0.6804156153324037,0.747556753904776,-0.5906431751118544
-0.5532116187035149,-0.2278267502668219,0.4258373825535178
0.0365800702857543,0.7308524191488003,0.2404094587637542
-0.7217026913626794,-0.0809149032093218,0.3921881897493325
0.1853574699673904,-0.2666712606049174,-0.071104286344071
0.1462344452398434,0.4782176416727105,-0.0709996522036733
-0.2018052349923292,-0.3225808930490406,0.1183592113140609
0.6440313683192208,0.2899693943622164,-0.6037694248315006
0.2723427357427611,0.0941214313281317,-0.3060252400812196
0.0914910052294509,-0.0004198591593632,-0.0944859448430168
0.2839758442778527,-0.4920246099717593,-0.4436176714388124
-0.0860951109320582,0.1744610838893378,-0.0327096362909871
0.1797270047497068,-0.8951708832447298,-0.2984273933392582
0.2545214233934403,-0.6402934204372133,-0.2764490610631482
-0.7649792708684798,-0.5573234493626387,0.6613151127057066
-0.7830293252374804,-0.076153638396561,0.598241012350283
0.1128540932568223,0.4363154062199082,-0.0620004022078442
0.1668720103138877,-0.0256016248968693,-0.2739234969559144
-0.1532489917804744,-0.1427340432333422,0.0494490940588949
0.6990841171790017,-0.5040913110371815,-0.5791706984327136
0.7404833730142321,0.4765916044243375,-0.725744601939517
0.0389053058464401,0.1462544482607915,0.3628668792439698
0.1096772930071168,0.103444101489094,-0.2004388771158601
-0.4849279080128578,-0.3088746452745845,0.3053555285232731
-0.3761161178403603,0.2645048279867895,0.326371339703253
-0.0109760982760995,-0.0647471119548639,0.0294366076857575
0.0677057487364639,0.709282694012613,-0.2768292391271504
0.5304614559780481,-0.4191359414763646,-0.5004433826615914
-0.5184362097518891,0.2303002208292803,0.6369867466871353
0.300445813212693,-0.6705242518920249,-0.2941583688117067
-0.1385041579696445,0.1157879705318912,0.1935095419165126
0.2950199224128952,0.0329594151812749,-0.3344509465572669
-0.0669150923969642,-0.0663845589764212,-0.016087619333125
0.1745019295471411,-1.0424619979603855,-0.2910625778716684
0.4983150347804901,-0.3539633655523216,-0.3566120350438504
0.8800602853263118,0.0005958993308025,-0.8705174169631122
0.1421021326761707,-0.5326371582672824,-0.2104601293765294
0.6440371218948983,-0.7736812690825978,-0.375022348720629
0.270795658326347,-0.1483969915779012,-0.2828079123766611
0.6827550539741748,0.0639087251697465,-0.5676590291675063
0.0586855744216894,-0.2628908505908097,-0.1323636010519807
0.0595811998313353,0.1206071786092643,0.0201385911014081
-0.3758120020585799,-0.1391918316258125,0.6513662968733217
0.6648386292626542,-0.257953596324518,-0.6703937731260029
-0.7950430140593574,-0.2765493761004305,0.6102846941843012
0.2424903652837966,0.9141557139172194,-0.3677108472370613
-0.5883611911059108,-0.5381294675482211,0.8146745922107044
-0.2445868773060449,-0.5431461499535648,0.308498026338245
0.0693542054974586,0.2525861758507696,-0.0863296790233369
0.2261834695575079,0.350938922356891,-0.2743556012869008
-0.044591585374281,-0.0226958286402821,0.0712629077889841
0.6569319893389239,-0.2129989948436839,-0.8474367288326887
-0.090524734880482,-0.2590628056584042,0.1158985041267961
-0.1363974765803779,0.499582213741043,0.1446562514596784
0.0488943205902999,-0.3120563190318841,-0.016348078109393
0.2963736788444545,-0.8398087815222155,-0.5133540944682399
0.0787189837713738,0.1075793582555108,-0.0374330362158219
0.2702303645011348,-0.0120281316632088,-0.2000226205629245
0.3516359408259583,0.0450576701903951,-0.0845927726429759
-0.0049599734436984,-0.1394555765527169,0.0957501605966642
-1.0144317164740095,0.1926770562536934,0.8684116746630859
0.9362930964040274,-0.0185944009088916,-1.1805651009210962
0.1145641436507417,-0.6149744799432114,-0.2848441968421035
-0.4552777882463878,0.5705190618424666,0.5525267342897089
-0.2809678048747884,-0.9222788241310724,0.4230105709933059
0.0297907345080419,0.151299508744365,0.1069001240285253
0.8998511243002938,-0.5455276393070647,-0.7778568551888814
-0.3588634602010073,-0.0175025477595419,0.279591822140915
-0.2690090624017625,0.3175190250914331,0.4301395233630494
0.7098336251884442,0.3069929750441185,-0.8586568615609286
0.1435858895981751,-0.063675432154003,0.1213233586553202
0.6489231528471276,-0.43131857001322,-0.6567002198162143
0.1915924417412369,0.0478012462723103,-0.193462422775766
-0.2453477809991336,1.0184378307398072,0.2213476792297418
0.4665325740639313,-0.7323368802635669,-0.4954236488695157
0.2229864429613393,0.3314566261005691,0.0602644480257804
0.2687059685104805,-0.74384668902377,-0.4192655612934418
0.9665252989596332,0.3895815328913907,-0.918311096473326
0.6655145837278333,0.4610648280169315,-0.807089657731277
0.3795913636106531,-0.4230970776824524,-0.2835420354877466
-0.0817694422484074,-0.0244838710714952,0.0817021286432413
-0.387874164924655,0.4779355925943879,0.4109595580471833
-0.3444272011569688,0.23913531361283,0.5399864895147073
-0.6940085438387718,-0.2729543898933383,0.6967099990937902
-0.2999918003147831,-0.0929049048664818,0.1904380196447922
0.3021326265906467,-0.4109574463161078,-0.3834831155734432
0.5027930165368827,0.7062056664386166,-0.4822134973942678
0.1286644246595743,-0.1336681206759218,-0.1692879717818199
-0.4879843008893185,-0.1896720762323543,0.6513706240323442
0.7423255148360826,-0.1493979586642658,-0.5139975189962032
-0.2645921808763384,0.7801664472285912,0.238545349268841
-0.2619211891036339,0.3496171591679866,0.4051489003655145
-0.5149653661527077,0.2254948231310767,0.5903080617742619
0.4366360591368876,0.1028574170852873,-0.3270281119672811
-0.2933585556093411,0.1208564612836009,0.2929944455864404
0.0332495912372213,0.0022927128956334,0.0021735739166637
-0.2712603328859093,0.0448521785690725,0.2549451200115019
-0.8216158994785233,0.2374154476995214,1.0920096999879862
-0.1679882951715778,0.1316102311690257,0.0862792727449043
0.2286742200540553,0.5681375692060419,-0.0028969128922243
0.175308616239984,0.0039811356546175,-0.0728100708084121
-0.85608923572185,0.2722657806443602,0.9000420193771421
0.6626499650099318,0.3001368243742388,-0.3806441849691623
0.1015406051443535,0.6737458141084793,0.0119535112800438
-0.2446047641360067,-0.1644966432625096,-0.1022548098125888
0.3769366483788821,0.1954821531011364,-0.3524790519677659
0.1428386368775906,-1.0494321333604306,-0.0746874720578611
0.422786044899625,0.8401250277600184,-0.4891520069569617
0.1396718079838363,-0.1578032664423101,-0.4498697574925522
-0.2530285819484276,0.1090242209323966,0.2962049863902437
0.5134958887587998,0.0940523393380957,-0.7467300903565576
0.3101818523152591,-0.1066694589814508,-0.282806605317592
-0.7545615855406782,-0.0144736689462866,0.4516947058403572
-0.0555570373517292,-0.3895320658003172,-0.0687630300176703
0.0309614635586687,0.1476724290195507,-0.0174977749927099
-0.2849584438298673,0.7895212582541724,0.1029677638399738
0.4437271204287135,0.5717956892832988,-0.4261594059625185
-0.6005453495689418,-0.2112570776043421,0.577504943890237
0.7208087543121027,-0.1899723186159773,-0.4835383165740246
-0.3485175678170059,0.8156868688557706,0.3691994571378218
0.7423683076222376,-0.0749476028215027,-0.7460868927474217
0.7919592164968662,-0.3736687189733068,-0.8400566256829637
0.3756266460541332,-0.4164420377758373,-0.0518659536597177
-0.2691780683994301,-0.4196905587231823,0.1323153395927723
-0.1462335642425128,0.5464224182829501,-0.1618884024302125
-0.526563468841065,-0.2344388050360319,0.1792259679944107
0.2346389355467263,-0.3069896269206903,-0.3493029925531716
0.2987577303867512,0.1584101428286961,-0.3758801830100437
0.6428380426918954,0.2939962041173877,-0.4171780107742177
-0.4201674205500755,0.7995643847041259,0.4583778645339967
-0.2406716343910648,0.177216410488921,0.3970754884654098
-0.4597960085509878,-0.4423523627176881,0.4696617255568592
0.2301312875072856,0.1563485674029572,-0.1304082379677957
-0.0127855227720303,0.118485517560793,0.1268441542464027
0.0075831354329551,0.1252720894170684,0.2409686272065657
-0.0888591269278375,0.7912690980497488,-0.0746957525007606
-0.113554365474988,-0.1023941052240305,-0.2017488488373568
-0.0988974672481048,-0.0339660587952183,-0.0396393369412682
-0.1230401641779766,-0.0690526218435457,0.2429409626167287
-0.373529248444038,-0.4734526385634616,0.3747419898015069
0.7863259678595109,-0.4996518061579995,-0.6584069736202492
0.2708042718902079,-0.5006836388486743,-0.4160435722685732
0.1476835753497184,-0.506694749887364,0.0228933263405327
-0.4310831991573002,-0.3353754189562521,0.344958683908614
0.5067158856357454,-0.7809530818820715,-0.6494552634183846
0.399641240322897,-0.4414833940398516,-0.3090118880782743
0.611632716887443,0.1306241862744279,-0.9357903838366322
0.6351100227621953,0.1358991913019739,-0.6705411241476703
0.3966128762896379,-0.6645887502653225,-0.2378898626342487
0.8668201527739668,0.3877523714978499,-0.7733572385480068
-0.143525171835027,-0.483703469258689,0.3071798329838977
0.8563578974143955,0.3835282767388039,-0.6012423690467091
0.4552916531723963,0.0501671953778512,-0.5703716481621293
0.0656742870181313,-0.5129068464652372,0.0934387670739974
-0.0016899313812438,0.1050460261486071,-0.0072389106582742
-0.9010326315268442,-0.5168248534684959,0.7320148751303992
1.0275547383128385,-0.3038461581642452,-0.6967801843771413
0.0195999225986623,-0.4773628158323363,-0.1053661662170116
0.2471614396417785,0.4518663725201333,-0.2141721969368578
0.4946989062076955,-0.0919599261018886,-0.4873260501724357
-0.4689723287733636,-0.4698137464729039,0.3110574794422281
-0.1637391743089718,0.6661147888868021,0.3495553004108848
-0.1207630401916486,-0.6522431317849305,0.0226494372958914
0.4369371510456672,-0.1641156701185669,-0.555917577396334
-0.212649016731376,-0.5598711286540647,-0.1158295212045471
0.334277044106602,0.8942470919301306,-0.2682500085421715
-0.3129279752076369,-0.4568261074230921,0.1129292839906455
-0.2827542907088818,0.8697471090842368,0.3167814618716609
-0.1127401338583951,-0.1000411609994658,-0.0539708681723017
-0.0933857304900883,0.064015347675302,0.1316731044033934
0.0421159436869902,-0.0592431684907429,-0.1106450254730491
-0.0707293990221104,-0.0199207301489275,-0.1923313447466788
0.3809782900233064,-0.5259044004826994,-0.3842056681520601
0.1160010275958259,0.4718995861930181,-0.0116811343872083
0.2797988935824954,-0.7955167231418903,-0.2067349600682543
0.5825635667431097,-0.7296704990354842,-0.8800403604985332
-0.6609745388231105,-0.0373284600471914,0.6223209336796985
0.2433758454429103,-0.5445831002054915,-0.1028311331108196
-0.0481201998475112,0.6902947637645267,0.066106633791426
0.5117114303578719,0.0610635961943524,-0.211263577132862
-0.7591579362908369,0.1162461151632911,0.8220394293469059
-0.0182246500896228,-0.945313895625533,0.176360923966835
0.0535246823083086,0.4922124419525519,-0.0454673935958313
0.1087802326304303,0.1058624554351752,-0.0116356851065237
-0.3612500594130253,-0.6162713807247221,0.3721298476578505
-0.0475354887572409,-0.076123984685349,0.1781308211084836
0.1664343437864428,0.1073655893819332,0.1640894104391738
-0.4752568183578702,0.6157015425290056,0.5154928399614411
-0.3757788952898403,0.613570598645744,0.3275558218168971
-0.4065534001594659,0.3674253103163436,0.3698234328736404
0.0582915110925548,-0.1379304698317901,-0.0482643084833459
-0.0065710975843943,0.1276002516173841,-0.0216718868181478
0.2772418357258046,0.1961081682278507,-0.3028410687457296
0.7046128331347927,0.7324551699742987,-0.3914951142812402
